Table Poss,Season,Points,Team,Total Shots,Shots OutOfBox,Shots SixYardBox,Shots PenaltyArea,Shots Open Play,Shots Counters,Shots Set Pieces,Shots Against,Total Goals,Goals OutOfBox,Goals PenaltyArea,Goals SixYardBox,Goals Penalty,Own Goals,Total Goals Less PK,Goals Open Play,Goals Counters,Goals Set Pieces,Goals Allowed,Key Passes,Assists,Unsuccessful Dribbles,Successful Dribbles,TotalTackles,DribbledPast,Interceprions,Expenditure,Income,Net Spend
1,2009/2010,86,Chelsea,834,377,63,394,572,26,224,372,100,9,63,27,11,4,89,63,8,17,32,639,72,331,327,772,202,705,27000000.00,2700000.00,-24300000.00
2,2009/2010,85,Manchester United,695,280,35,380,512,22,153,521,76,9,54,13,6,10,70,51,6,13,28,549,51,198,329,828,214,602,24600000.00,93570000.00,68970000.00
4,2009/2010,70,Tottenham,681,322,44,315,439,29,210,414,67,8,42,17,3,6,64,42,6,17,41,515,48,291,341,844,234,804,36270000.00,26820000.00,-9450000.00
3,2009/2010,75,Arsenal,660,268,39,353,456,36,164,384,79,18,45,14,2,0,77,49,9,16,41,504,57,326,453,818,252,839,10800000.00,42930000.00,32130000.00
6,2009/2010,64,Aston Villa,497,195,48,254,299,18,172,608,51,8,26,14,3,3,48,23,4,16,39,364,35,273,185,880,280,690,42210000.00,19890000.00,-22320000.00
5,2009/2010,67,Manchester City,526,217,43,266,316,46,159,513,74,10,43,20,5,0,69,37,10,21,45,396,52,322,293,802,220,805,132570000.00,26820000.00,-105750000.00
7,2009/2010,63,Liverpool,642,297,52,293,445,19,175,388,60,7,36,15,5,4,55,37,4,14,35,466,42,399,308,958,249,763,39150000.00,43830000.00,4680000.00
8,2009/2010,61,Everton,589,270,38,281,378,17,186,505,59,8,33,15,6,0,53,32,2,17,49,433,39,182,221,768,216,827,20970000.00,25510000.00,4540000.00
9,2009/2010,50,Birmingham,452,197,42,213,264,25,159,657,38,8,16,13,6,2,32,17,4,14,47,312,25,305,240,785,279,777,16200000.00,360000.00,-15840000.00
13,2009/2010,44,Sunderland,444,198,28,218,274,30,131,619,48,4,30,12,4,1,44,25,6,9,56,299,31,236,215,890,262,829,40140000.00,19150000.00,-20990000.00
17,2009/2010,35,West Ham,549,261,21,267,358,14,168,604,50,6,30,11,1,1,49,22,0,18,66,394,32,390,274,830,299,755,18950000.00,37170000.00,18220000.00
12,2009/2010,46,Fulham,463,229,32,202,300,8,151,555,43,9,22,7,5,4,38,25,0,9,46,335,25,220,147,745,258,752,6420000.00,0.00,-6420000.00
14,2009/2010,39,Bolton,558,254,52,252,320,16,218,616,46,4,26,12,7,0,39,18,0,20,67,377,28,243,199,912,294,735,10800000.00,1800000.00,-9000000.00
11,2009/2010,47,Stoke,402,150,44,208,180,17,203,581,34,2,22,9,4,0,30,16,1,14,48,296,26,282,149,724,197,738,23450000.00,5850000.00,-17600000.00
16,2009/2010,36,Wigan,555,308,37,210,369,27,156,543,37,5,21,10,2,1,35,24,1,10,79,407,24,412,338,908,277,743,15980000.00,23310000.00,7330000.00
10,2009/2010,50,Blackburn,489,183,54,252,250,12,224,509,40,5,21,13,3,0,37,13,2,21,55,314,26,295,169,709,241,730,11950000.00,21300000.00,9350000.00
20,2009/2010,19,Portsmouth,533,272,37,224,351,16,160,585,37,3,19,12,2,1,35,17,2,12,66,371,25,302,229,774,294,681,7920000.00,46850000.00,38930000.00
15,2009/2010,38,Wolverhampton Wanderers,436,176,38,222,278,6,150,589,31,3,16,9,6,0,25,14,0,12,56,316,19,247,135,705,186,537,17280000.00,783000.00,-16497000.00
18,2009/2010,30,Burnley,459,227,21,211,299,21,133,635,44,4,30,8,2,4,42,30,2,4,82,335,31,312,227,686,263,661,12190000.00,81000.00,-12109000.00
19,2009/2010,30,Hull,388,199,23,166,236,12,132,657,39,7,20,7,3,2,36,15,1,12,75,244,19,264,179,760,219,674,12740000.00,14400000.00,1660000.00
2,2010/2011,71,Chelsea,745,324,59,362,490,28,219,440,69,18,42,8,4,2,65,40,4,18,33,560,45,318,384,769,238,616,109350000.00,14850000.00,-94500000.00
1,2010/2011,80,Manchester United,618,265,46,307,439,24,150,459,76,23,45,7,3,3,73,54,5,13,37,479,59,267,312,693,235,646,26370000.00,15170000.00,-11200000.00
4,2010/2011,68,Arsenal,654,232,50,372,451,28,168,402,71,15,50,5,6,1,65,54,3,9,43,507,57,311,399,772,254,709,20700000.00,8190000.00,-12510000.00
3,2010/2011,71,Manchester City,546,237,27,282,366,28,143,566,58,9,40,9,6,1,52,35,2,13,33,395,38,321,346,826,260,629,165240000.00,28980000.00,-136260000.00
5,2010/2011,62,Tottenham,657,341,34,282,419,27,203,513,54,9,30,14,4,3,50,33,3,12,46,483,33,307,376,754,238,661,23310000.00,1080000.00,-22230000.00
6,2010/2011,58,Liverpool,582,246,41,295,408,20,147,490,61,11,42,5,8,2,53,38,3,11,44,431,32,317,290,908,285,592,87770000.00,90450000.00,2680000.00
8,2010/2011,49,Fulham,547,266,29,252,383,11,150,532,53,11,30,7,5,2,48,27,2,17,43,426,35,218,204,799,330,668,9950000.00,11350000.00,1400000.00
14,2010/2011,46,Bolton,570,247,42,281,353,18,194,600,50,12,30,8,3,1,47,29,3,14,56,404,33,214,225,939,331,627,4860000.00,1260000.00,-3600000.00
10,2010/2011,47,Sunderland,532,268,24,240,366,26,135,547,43,8,29,5,5,1,38,28,2,8,56,390,28,363,251,820,269,694,25650000.00,37600000.00,11950000.00
9,2010/2011,48,Aston Villa,506,194,47,265,320,22,158,600,46,13,26,6,4,2,42,28,4,9,59,386,34,304,223,844,280,667,33660000.00,25560000.00,-8100000.00
7,2010/2011,54,Everton,580,255,39,286,378,18,180,505,52,10,32,8,4,3,48,29,4,14,45,425,35,240,266,768,248,470,1530000.00,4320000.00,2790000.00
16,2010/2011,42,Wigan,511,254,23,234,354,31,123,505,36,6,22,8,4,3,32,20,5,9,61,374,22,435,377,914,285,763,10260000.00,2160000.00,-8100000.00
12,2010/2011,46,Newcastle United,507,191,49,267,319,14,169,505,57,20,29,6,2,1,55,29,1,20,57,349,32,333,287,666,274,608,10330000.00,36900000.00,26570000.00
20,2010/2011,33,West Ham,572,262,29,281,380,19,167,695,43,8,28,5,7,1,36,22,1,13,70,431,24,260,234,783,307,583,12850000.00,4460000.00,-8390000.00
13,2010/2011,46,Stoke,482,175,64,243,247,11,221,547,46,17,23,4,3,1,43,19,4,18,48,322,27,263,172,716,241,532,18990000.00,6100000.00,-12890000.00
15,2010/2011,43,Blackburn,453,163,43,247,256,13,182,615,43,12,23,7,5,2,38,22,1,18,59,306,30,305,212,748,249,734,4010000.00,248000.00,-3762000.00
19,2010/2011,39,Blackpool,531,253,53,225,351,20,152,737,59,17,26,11,1,4,58,27,3,17,78,383,35,279,265,780,335,451,4880000.00,630000.00,-4250000.00
11,2010/2011,47,West Bromwich Albion,597,284,41,272,403,22,166,532,58,14,33,6,2,4,56,35,3,11,71,450,40,317,305,725,273,662,12450000.00,765000.00,-11685000.00
18,2010/2011,39,Birmingham,401,188,34,179,240,22,137,687,41,15,19,3,3,2,38,18,1,16,58,298,25,195,151,668,279,573,21060000.00,0.00,-21060000.00
17,2010/2011,40,Wolverhampton Wanderers,459,179,49,231,282,7,167,570,47,14,26,5,2,0,45,25,1,16,66,335,33,246,160,677,213,520,18140000.00,5790000.00,-12350000.00
2,2011/2012,89,Manchester United,646,253,59,334,447,22,166,505,89,22,50,15,7,2,82,58,2,18,33,510,69,208,330,803,232,574,56070000.00,12030000.00,-44040000.00
1,2011/2012,89,Manchester City,738,288,56,394,549,25,156,395,93,18,53,20,9,2,84,59,6,19,29,580,71,271,325,694,221,631,81500000.00,24710000.00,-56790000.00
4,2011/2012,69,Tottenham,701,331,40,330,492,34,170,464,66,11,40,14,2,0,64,47,5,9,41,534,47,268,328,732,202,715,6480000.00,37530000.00,31050000.00
3,2011/2012,70,Arsenal,637,222,53,362,446,34,154,391,79,16,48,10,4,1,75,54,10,8,49,504,57,280,371,750,266,605,58930000.00,67820000.00,8890000.00
6,2011/2012,64,Chelsea,671,324,39,308,478,19,169,448,64,17,41,5,4,2,60,43,2,14,46,496,47,231,285,698,278,636,86810000.00,27630000.00,-59180000.00
9,2011/2012,52,Fulham,541,257,30,254,389,17,131,585,45,9,28,6,2,5,43,28,3,9,51,425,32,259,244,669,221,644,16520000.00,6900000.00,-9620000.00
8,2011/2012,52,Liverpool,667,277,48,342,468,23,170,422,45,10,25,7,3,0,42,24,3,14,40,484,25,298,285,727,212,504,59870000.00,20610000.00,-39260000.00
13,2011/2012,45,Sunderland,458,217,32,209,313,31,112,616,44,8,22,13,5,1,39,29,3,10,46,337,26,257,204,824,261,652,24530000.00,17210000.00,-7320000.00
11,2011/2012,47,Swansea,472,221,32,219,349,4,113,597,45,7,28,8,2,0,43,30,1,7,51,357,28,262,305,708,241,581,11120000.00,410000.00,-10710000.00
5,2011/2012,65,Newcastle United,489,235,31,223,327,22,137,543,51,15,26,10,1,2,50,37,4,8,51,337,35,232,238,743,287,621,23450000.00,14330000.00,-9120000.00
16,2011/2012,38,Aston Villa,438,179,31,228,263,22,150,578,39,9,20,8,5,2,34,30,1,3,53,346,27,299,214,774,275,740,17400000.00,37980000.00,20580000.00
7,2011/2012,56,Everton,520,225,32,263,358,13,144,471,51,9,32,7,3,5,48,29,1,13,40,379,35,203,169,624,196,620,6480000.00,23490000.00,17010000.00
10,2011/2012,47,West Bromwich Albion,544,244,42,258,389,10,142,589,47,9,25,10,2,2,45,25,3,15,52,421,34,288,239,683,248,555,7180000.00,10010000.00,2830000.00
17,2011/2012,37,Queens Park Rangers,539,296,38,205,389,7,140,627,43,8,26,7,3,0,40,28,0,11,66,395,26,243,223,764,235,547,23040000.00,2520000.00,-20520000.00
18,2011/2012,36,Bolton,495,222,21,252,329,7,153,657,43,7,29,6,1,1,42,24,0,13,77,356,30,197,231,729,253,705,13140000.00,14700000.00,1560000.00
12,2011/2012,47,Norwich,514,233,42,239,344,25,143,616,53,15,32,5,5,4,48,30,4,16,66,389,37,161,113,692,287,469,13730000.00,450000.00,-13280000.00
15,2011/2012,43,Wigan,519,257,31,231,379,20,113,559,42,3,25,13,1,5,41,23,2,11,62,375,19,325,287,729,262,577,11140000.00,9980000.00,-1160000.00
14,2011/2012,45,Stoke,376,137,60,179,207,11,152,540,38,13,20,2,5,1,33,14,1,16,53,270,28,233,139,655,251,461,22320000.00,1790000.00,-20530000.00
19,2011/2012,31,Blackburn,453,214,39,200,276,10,159,616,47,15,22,7,4,4,43,19,2,19,78,307,30,316,237,690,268,717,18500000.00,36220000.00,17720000.00
20,2011/2012,25,Wolverhampton Wanderers,473,194,37,242,341,3,125,669,42,8,29,3,4,1,38,27,1,9,82,332,25,229,165,617,222,597,10850000.00,2340000.00,-8510000.00
1,2012/2013,89,Manchester United,560,191,50,319,399,23,131,403,85,25,46,9,4,6,81,51,3,22,43,444,62,225,245,731,217,515,68810000.00,9520000.00,-59290000.00
4,2012/2013,78,Arsenal,598,243,40,315,437,36,119,486,69,15,47,7,5,4,64,45,7,12,35,467,53,395,406,749,287,636,50040000.00,58460000.00,8420000.00
7,2012/2013,61,Liverpool,739,318,34,387,538,27,168,433,71,9,46,12,0,4,71,50,1,11,28,554,46,402,378,795,262,526,59040000.00,8280000.00,-50760000.00
5,2012/2013,72,Tottenham,681,369,36,276,494,34,153,369,62,13,33,16,5,3,57,46,6,10,20,517,45,330,305,745,195,721,65930000.00,60640000.00,-5290000.00
3,2012/2013,75,Chelsea,627,294,29,304,453,15,148,464,74,12,49,11,9,3,65,45,3,15,36,446,50,357,279,710,259,503,98730000.00,22500000.00,-76230000.00
2,2012/2013,78,Manchester City,659,245,46,368,456,33,164,395,66,9,46,9,4,2,62,40,6,14,34,517,44,231,293,681,212,492,55760000.00,39870000.00,-15890000.00
6,2012/2013,63,Everton,633,248,49,336,439,12,180,452,53,9,33,11,0,0,53,37,3,11,40,486,40,254,202,720,236,591,19490000.00,16880000.00,-2610000.00
9,2012/2013,46,Swansea,505,197,22,286,397,12,96,566,48,7,34,6,2,2,46,40,2,5,51,380,31,315,197,684,247,695,18330000.00,29340000.00,11010000.00
12,2012/2013,43,Fulham,460,217,33,210,329,19,106,638,45,12,26,7,3,4,42,29,2,8,60,329,31,277,235,679,275,745,9000000.00,28060000.00,19060000.00
15,2012/2013,41,Aston Villa,438,189,22,227,305,23,107,635,53,7,28,12,4,2,49,28,6,10,69,339,32,144,251,739,259,770,25050000.00,2880000.00,-22170000.00
14,2012/2013,41,Southampton,516,243,31,242,378,9,126,448,51,14,27,4,5,3,46,32,2,8,60,369,24,268,238,819,230,780,37350000.00,0.00,-37350000.00
10,2012/2013,46,West Ham,493,158,53,282,313,13,163,623,45,11,25,7,1,2,44,25,2,12,53,376,32,224,190,728,270,458,20110000.00,4550000.00,-15560000.00
17,2012/2013,39,Sunderland,417,199,31,187,268,17,128,635,42,10,21,8,6,5,36,21,3,11,54,279,22,275,236,784,318,582,34470000.00,13300000.00,-21170000.00
20,2012/2013,25,Queens Park Rangers,500,278,19,203,336,30,130,600,34,4,14,12,3,0,31,20,4,5,60,374,21,308,348,818,266,660,45320000.00,1360000.00,-43960000.00
16,2012/2013,41,Newcastle United,532,265,21,246,392,14,121,509,45,4,28,11,4,2,41,31,2,6,68,390,24,321,338,731,276,475,28770000.00,13320000.00,-15450000.00
13,2012/2013,42,Stoke,390,158,43,189,227,9,149,543,37,9,23,1,1,1,36,14,1,15,45,285,20,247,160,727,285,500,21310000.00,576000.00,-20734000.00
8,2012/2013,49,West Bromwich Albion,506,239,43,224,360,22,116,593,53,14,29,7,4,2,49,31,5,9,57,385,36,192,210,698,247,376,4500000.00,3350000.00,-1150000.00
18,2012/2013,36,Wigan,500,228,38,234,348,19,132,532,48,11,29,5,4,2,44,29,2,13,73,386,32,272,266,712,276,694,9390000.00,11700000.00,2310000.00
11,2012/2013,44,Norwich,413,194,43,176,270,11,130,536,41,13,22,5,1,0,40,22,0,17,58,296,27,227,184,675,296,539,9970000.00,342000.00,-9628000.00
19,2012/2013,28,Reading,393,152,39,202,252,15,122,707,41,11,26,4,3,1,38,22,2,13,73,286,28,204,169,601,215,558,9740000.00,810000.00,-8930000.00
2,2013/2014,84,Liverpool,651,281,41,329,461,27,151,479,101,20,57,19,6,5,95,51,9,26,50,497,63,439,471,847,348,466,50310000.00,27720000.00,-22590000.00
1,2013/2014,86,Manchester City,673,226,51,396,479,22,165,357,100,16,65,16,3,0,97,66,5,20,37,549,65,262,339,756,357,496,104400000.00,8100000.00,-96300000.00
3,2013/2014,82,Chelsea,692,316,48,328,535,15,135,391,71,18,34,17,10,5,61,44,5,15,27,512,41,388,435,731,339,372,117320000.00,63210000.00,-54110000.00
4,2013/2014,79,Arsenal,523,193,35,295,379,15,126,452,70,14,49,5,5,1,65,54,3,8,41,408,53,384,343,713,318,542,42750000.00,10760000.00,-31990000.00
5,2013/2014,72,Everton,561,240,38,283,414,19,125,494,62,13,32,13,5,2,57,40,3,12,39,422,44,340,480,739,299,462,25470000.00,41490000.00,16020000.00
7,2013/2014,64,Manchester United,526,186,51,289,385,8,128,452,64,15,37,11,3,3,61,46,1,11,43,393,37,289,337,677,282,592,69420000.00,0.00,-69420000.00
8,2013/2014,38,Southampton,534,236,33,265,391,8,132,365,53,10,34,8,3,2,50,35,2,12,46,404,40,301,337,804,322,528,35640000.00,3780000.00,-31860000.00
11,2013/2014,45,Crystal Palace,414,183,35,196,276,12,120,528,33,7,20,5,4,7,29,17,2,8,48,312,20,385,291,846,351,697,29700000.00,0.00,-29700000.00
6,2013/2014,69,Tottenham,587,298,29,260,436,16,129,426,51,12,28,10,2,2,49,30,4,11,51,445,32,285,417,751,293,559,109690000.00,121610000.00,11920000.00
9,2013/2014,50,Stoke,428,203,32,193,320,7,96,547,43,6,23,14,5,5,38,29,3,7,52,330,28,263,287,791,404,480,5760000.00,0.00,-5760000.00
10,2013/2014,49,Newcastle United,579,310,34,235,427,17,132,486,43,15,18,8,4,2,39,28,3,8,59,424,25,331,382,733,285,595,0.00,23280000.00,23280000.00
12,2013/2014,42,Swansea,495,243,25,227,384,8,99,483,49,6,32,9,2,2,47,33,0,10,54,386,38,311,288,672,347,641,22960000.00,0.00,-22960000.00
13,2013/2014,40,West Ham,422,166,35,221,281,10,129,680,38,11,22,4,2,1,36,23,2,10,51,321,25,291,283,651,272,401,20970000.00,477000.00,-20493000.00
17,2013/2014,36,West Bromwich Albion,486,214,30,242,339,9,136,494,43,6,27,8,2,3,41,32,1,6,59,364,27,199,297,701,322,595,11610000.00,10260000.00,-1350000.00
16,2013/2014,37,Hull,429,197,31,201,289,3,134,532,38,7,21,7,1,0,37,21,2,10,53,303,22,158,220,721,299,611,27540000.00,792000.00,-26748000.00
15,2013/2014,38,Aston Villa,431,224,12,195,332,12,83,494,42,6,26,6,2,2,40,25,4,7,61,334,27,227,235,748,304,455,17860000.00,4590000.00,-13270000.00
14,2013/2014,38,Sunderland,491,257,30,204,330,11,144,635,47,8,29,4,2,3,45,18,4,13,60,359,24,206,245,704,340,415,28760000.00,20010000.00,-8750000.00
19,2013/2014,32,Fulham,431,205,31,195,301,13,114,581,43,11,18,9,6,0,37,21,1,14,85,322,28,197,303,702,347,498,24390000.00,2840000.00,-21550000.00
18,2013/2014,33,Norwich,467,228,33,206,339,9,117,673,31,2,17,9,5,1,26,22,1,4,62,347,18,237,253,674,367,526,25650000.00,4350000.00,-21300000.00
20,2013/2014,30,Cardiff,418,193,32,193,277,4,136,692,30,6,20,4,1,2,29,16,0,13,74,298,23,201,314,620,363,493,39610000.00,3370000.00,-36240000.00
3,2014/2015,75,Arsenal,610,233,34,343,467,14,122,407,70,14,46,9,7,1,63,45,2,16,36,473,49,383,599,737,376,766,107080000.00,23580000.00,-83500000.00
2,2014/2015,79,Manchester City,670,228,32,410,497,29,136,388,84,13,54,15,4,1,80,53,10,12,38,533,61,191,434,751,482,571,79470000.00,26660000.00,-52810000.00
1,2014/2015,87,Chelsea,564,230,42,292,428,10,121,414,73,19,46,7,6,2,67,52,1,15,32,468,58,341,489,759,387,370,123930000.00,126990000.00,3060000.00
4,2014/2015,70,Manchester United,513,203,37,273,380,7,121,384,61,14,39,7,3,2,58,43,2,12,37,394,41,311,374,739,302,680,168890000.00,40310000.00,-128580000.00
7,2014/2015,60,Southampton,510,192,31,287,378,3,126,384,49,7,38,4,2,5,47,41,0,6,33,387,31,210,265,812,336,628,85990000.00,111450000.00,25460000.00
6,2014/2015,62,Liverpool,590,285,25,280,447,14,123,414,51,7,33,8,3,1,48,35,2,6,48,443,30,352,438,798,324,440,134490000.00,89340000.00,-45150000.00
5,2014/2015,64,Tottenham,527,272,28,227,377,13,132,490,58,12,33,11,2,3,56,36,2,15,53,408,39,314,413,813,315,678,43620000.00,37490000.00,-6130000.00
9,2014/2015,54,Stoke,502,240,43,219,349,16,134,456,47,12,28,7,3,2,44,37,1,6,45,360,29,302,357,734,366,501,1620000.00,3420000.00,1800000.00
8,2014/2015,56,Swansea,426,203,20,203,317,4,103,555,44,5,30,8,5,4,39,36,1,4,49,319,33,355,351,635,372,692,35680000.00,54580000.00,18900000.00
12,2014/2015,47,West Ham,489,176,47,266,316,15,156,589,45,11,23,9,1,0,44,29,1,12,47,369,34,306,260,646,330,507,31640000.00,3960000.00,-27680000.00
14,2014/2015,41,Leicester,457,167,30,260,304,19,130,559,51,12,25,8,1,1,50,27,3,12,55,330,28,342,349,791,362,743,20570000.00,0.00,-20570000.00
10,2014/2015,48,Crystal Palace,442,166,44,232,283,8,145,524,46,14,26,6,3,1,43,22,0,19,51,321,27,495,357,792,340,600,28150000.00,2580000.00,-25570000.00
11,2014/2015,47,Everton,483,238,21,224,342,18,116,502,48,9,29,8,4,2,44,26,5,11,50,354,31,331,392,661,341,444,36140000.00,1710000.00,-34430000.00
19,2014/2015,33,Burnley,430,177,32,221,305,6,116,593,29,7,16,4,3,3,26,19,0,7,53,320,20,261,243,612,403,566,11360000.00,0.00,-11360000.00
13,2014/2015,44,West Bromwich Albion,411,190,35,186,282,6,118,623,37,12,22,3,5,1,32,13,1,19,51,309,30,142,241,695,352,588,22390000.00,2070000.00,-20320000.00
20,2014/2015,30,Queens Park Rangers,535,271,37,227,358,9,163,547,42,10,21,8,1,1,41,23,1,12,73,386,28,262,307,781,387,561,36780000.00,23440000.00,-13340000.00
18,2014/2015,35,Hull,429,188,20,221,304,6,118,627,32,4,25,3,1,1,31,22,2,7,51,312,23,193,255,763,378,606,43410000.00,16830000.00,-26580000.00
16,2014/2015,38,Sunderland,408,194,29,185,269,14,121,502,35,8,16,6,1,0,34,15,2,9,53,304,19,308,341,759,436,579,19000000.00,6530000.00,-12470000.00
15,2014/2015,39,Newcastle United,468,200,39,229,308,15,144,445,41,8,26,6,4,1,37,31,1,7,63,339,30,422,444,825,321,643,38720000.00,20120000.00,-18600000.00
17,2014/2015,38,Aston Villa,417,168,24,225,284,13,119,479,32,4,24,3,4,1,28,18,2,10,57,306,23,190,287,623,286,484,12110000.00,1180000.00,-10930000.00
2,2015/2016,71,Arsenal,572,158,53,361,430,11,129,448,66,16,42,4,5,0,61,45,3,13,36,469,53,274,493,706,364,736,23850000.00,2250000.00,-21600000.00
1,2015/2016,81,Leicester,522,187,46,289,349,13,147,517,68,10,54,3,1,3,67,41,5,11,36,390,45,365,430,869,433,820,44910000.00,8280000.00,-36630000.00
3,2015/2016,70,Tottenham,658,300,34,324,492,11,150,422,71,12,46,10,5,1,66,44,2,17,35,501,50,278,362,803,317,645,63900000.00,64420000.00,520000.00
4,2015/2016,66,Manchester City,615,232,43,340,434,6,167,338,72,13,44,14,2,1,70,47,5,14,41,479,53,268,456,729,477,630,187470000.00,54450000.00,-133020000.00
7,2015/2016,62,West Ham,558,229,45,284,375,8,171,521,67,11,43,10,4,1,63,42,2,16,51,427,38,348,396,712,369,665,45360000.00,16660000.00,-28700000.00
6,2015/2016,63,Southampton,519,181,37,301,383,5,127,464,57,15,36,6,4,3,53,38,3,13,41,403,45,182,271,715,331,706,52560000.00,47430000.00,-5130000.00
8,2015/2016,60,Liverpool,629,290,32,307,477,8,142,399,63,10,37,15,10,1,53,44,1,15,50,497,50,268,412,871,388,552,112860000.00,78660000.00,-34200000.00
11,2015/2016,47,Everton,491,194,33,264,360,7,119,555,58,9,41,6,4,4,54,42,2,8,55,364,43,293,444,730,368,511,44010000.00,9900000.00,-34110000.00
10,2015/2016,50,Chelsea,526,207,34,285,394,9,118,483,58,9,35,11,3,2,55,39,1,11,53,404,39,355,467,790,409,517,75150000.00,72040000.00,-3110000.00
5,2015/2016,66,Manchester United,430,192,20,218,308,5,114,410,47,9,32,5,3,3,44,34,2,7,35,313,31,326,373,761,378,592,140400000.00,91860000.00,-48540000.00
13,2015/2016,45,Watford,446,206,20,220,322,7,110,502,40,6,28,3,5,1,35,23,0,8,50,312,18,239,331,794,405,766,73380000.00,5900000.00,-67480000.00
15,2015/2016,42,Crystal Palace,469,195,38,236,305,2,157,570,40,12,20,6,3,2,37,19,0,15,51,330,21,311,390,649,374,698,25920000.00,4860000.00,-21060000.00
17,2015/2016,39,Sunderland,439,199,28,212,302,6,128,566,48,11,25,8,3,1,45,24,2,15,62,320,28,230,303,768,433,566,58190000.00,9000000.00,-49190000.00
12,2015/2016,47,Swansea,441,204,19,218,317,4,115,521,43,6,28,7,1,1,42,25,3,8,52,335,25,226,300,637,364,679,19440000.00,15030000.00,-4410000.00
9,2015/2016,51,Stoke,418,201,25,192,316,1,96,536,41,10,22,8,5,1,36,29,0,6,55,317,29,294,401,710,405,577,48290000.00,20880000.00,-27410000.00
18,2015/2016,37,Newcastle United,397,138,20,239,307,10,77,551,44,6,31,6,3,4,41,28,4,8,65,318,34,378,368,792,372,642,96220000.00,4170000.00,-92050000.00
14,2015/2016,43,West Bromwich Albion,389,155,49,185,264,2,118,547,32,12,17,3,6,3,26,19,0,12,48,282,25,144,287,642,392,721,38610000.00,11630000.00,-26980000.00
16,2015/2016,42,Bournemouth,464,215,18,231,336,2,122,441,45,7,30,6,4,1,41,28,0,12,67,358,28,370,415,708,401,639,48520000.00,585000.00,-47935000.00
20,2015/2016,17,Aston Villa,380,177,16,187,265,4,109,502,27,4,14,6,1,2,26,14,1,7,76,283,19,422,420,730,305,767,59490000.00,58230000.00,-1260000.00
19,2015/2016,34,Norwich,418,186,31,201,301,1,115,490,39,7,25,6,2,3,37,27,0,10,67,313,27,238,320,608,355,473,41180000.00,19340000.00,-21840000.00
1,2016/2017,93,Chelsea,580,216,30,334,398,18,160,323,85,14,57,12,7,2,78,52,7,22,33,450,57,257,504,655,303,515,119520000.00,77310000.00,-42210000.00
2,2016/2017,86,Tottenham,669,313,46,310,489,9,162,350,86,20,52,12,4,4,82,61,3,13,26,507,59,332,454,661,314,314,74250000.00,45990000.00,-28260000.00
3,2016/2017,78,Manchester City,633,241,50,342,462,12,150,300,80,16,52,7,7,1,73,51,6,11,39,486,52,263,503,641,409,497,192150000.00,29700000.00,-162450000.00
6,2016/2017,69,Manchester United,591,248,44,299,461,7,119,433,54,11,36,7,2,2,52,41,3,7,29,453,41,279,401,690,363,580,166500000.00,42440000.00,-124060000.00
5,2016/2017,75,Arsenal,566,187,41,338,425,7,128,361,77,21,45,7,7,5,70,55,2,12,44,434,54,227,458,673,363,541,96300000.00,7200000.00,-89100000.00
4,2016/2017,76,Liverpool,640,257,32,351,489,7,136,312,78,11,53,13,3,0,75,55,2,13,42,501,55,295,415,718,400,410,71910000.00,74340000.00,2430000.00
7,2016/2017,61,Everton,502,198,33,271,363,7,128,448,62,11,44,3,3,4,59,41,2,12,44,394,46,243,402,714,393,461,77310000.00,54090000.00,-23220000.00
11,2016/2017,45,West Ham,499,230,42,227,330,9,156,437,47,16,24,6,7,2,40,24,3,16,64,358,29,264,406,574,336,616,63720000.00,36900000.00,-26820000.00
8,2016/2017,46,Southampton,550,210,33,307,419,0,125,505,41,8,27,4,4,2,37,29,0,7,48,396,27,176,320,675,331,513,62010000.00,76550000.00,14540000.00
13,2016/2017,44,Stoke,425,161,42,222,292,1,126,540,41,11,21,5,3,2,38,24,0,9,56,299,23,232,366,666,362,497,32580000.00,2070000.00,-30510000.00
14,2016/2017,41,Crystal Palace,439,162,35,242,275,2,155,517,50,13,33,2,4,2,46,32,0,12,63,312,34,264,392,700,386,550,88020000.00,45180000.00,-42840000.00
9,2016/2017,46,Bournemouth,453,201,23,229,316,6,121,551,55,8,41,4,3,1,52,32,2,12,67,338,36,268,428,604,385,460,34510000.00,22940000.00,-11570000.00
19,2016/2017,28,Middlesbrough,351,150,24,177,250,5,94,551,27,8,17,1,4,4,23,14,3,7,53,249,21,211,399,726,441,548,43160000.00,12150000.00,-31010000.00
16,2016/2017,40,Burnley,392,179,28,185,230,5,151,673,39,8,23,8,3,1,36,19,2,12,55,267,23,126,180,636,414,536,41040000.00,1080000.00,-39960000.00
12,2016/2017,44,Leicester,433,183,33,217,256,17,154,555,48,8,29,9,3,0,45,28,4,10,63,299,33,275,303,678,434,535,82440000.00,59450000.00,-22990000.00
10,2016/2017,45,West Bromwich Albion,400,159,38,203,279,8,112,517,43,12,25,6,1,0,42,19,3,20,51,290,34,181,307,604,348,537,34110000.00,23760000.00,-10350000.00
15,2016/2017,41,Swansea,406,158,29,219,264,4,135,521,45,12,28,5,6,0,39,24,1,17,70,301,32,215,316,636,392,457,52380000.00,43740000.00,-8640000.00
17,2016/2017,40,Watford,422,190,22,210,288,3,128,540,40,7,28,4,5,1,35,25,0,11,68,299,26,267,339,617,370,512,62280000.00,52290000.00,-9990000.00
20,2016/2017,24,Sunderland,387,168,24,195,266,4,112,676,29,5,20,3,3,1,26,18,0,5,69,266,12,191,318,630,347,547,37710000.00,20490000.00,-17220000.00
18,2016/2017,34,Hull,397,162,28,207,263,13,118,635,37,9,23,4,2,1,35,16,3,14,80,272,25,157,262,632,381,566,33930000.00,26010000.00,-7920000.00
1,2017/2018,100,Manchester City,665,254,56,355,496,12,149,236,106,26,64,13,6,3,100,78,4,15,27,503,85,229,503,563,366,346,285750000.00,84200000.00,-201550000.00
4,2017/2018,75,Liverpool,638,247,44,347,495,19,121,281,84,17,56,9,2,2,82,60,9,11,38,489,58,212,440,637,325,379,151230000.00,153630000.00,2400000.00
2,2017/2018,81,Manchester United,512,213,44,255,395,9,105,437,68,12,43,12,4,1,64,48,4,14,28,377,53,270,466,564,382,481,147960000.00,7650000.00,-140310000.00
3,2017/2018,77,Tottenham,623,267,37,319,444,19,157,357,74,16,44,10,1,1,73,48,8,12,36,467,51,283,436,618,325,380,109350000.00,91170000.00,-18180000.00
5,2017/2018,70,Chelsea,606,246,36,324,437,11,155,376,62,13,37,10,2,4,60,45,1,11,38,487,43,220,512,636,342,423,234540000.00,169920000.00,-64620000.00
6,2017/2018,63,Arsenal,594,225,42,327,447,12,130,422,74,14,53,6,3,2,71,54,0,15,51,446,59,164,383,622,363,428,106970000.00,109980000.00,3010000.00
11,2017/2018,44,Crystal Palace,476,174,34,268,299,15,152,467,45,9,29,6,2,0,43,23,3,10,55,334,26,240,481,685,407,552,44060000.00,2700000.00,-41360000.00
7,2017/2018,54,Burnley,378,134,29,215,237,4,137,570,36,9,22,4,5,2,31,27,0,8,39,278,26,128,217,533,349,401,32170000.00,45000000.00,12830000.00
9,2017/2018,47,Leicester,423,162,39,222,262,17,138,490,56,14,32,7,5,3,51,29,7,12,60,298,38,296,422,630,408,413,76810000.00,42660000.00,-34150000.00
13,2017/2018,42,West Ham,372,140,28,204,264,7,97,479,48,10,29,9,3,2,45,32,4,10,68,278,33,218,425,622,382,488,47970000.00,62120000.00,14150000.00
10,2017/2018,44,Newcastle United,451,212,35,204,325,12,113,562,39,11,22,5,0,1,39,23,4,11,47,322,29,231,304,644,416,441,35370000.00,17460000.00,-17910000.00
19,2017/2018,33,Stoke,384,153,32,199,257,13,111,578,35,7,20,7,3,0,32,22,2,10,68,292,29,181,325,680,372,458,44370000.00,31630000.00,-12740000.00
15,2017/2018,40,Brighton,384,153,36,195,264,2,111,555,34,10,19,4,5,1,29,23,0,5,54,286,25,187,296,595,436,452,58140000.00,0.00,-58140000.00
8,2017/2018,49,Everton,359,130,25,204,250,6,95,490,44,8,26,8,8,1,36,29,2,6,58,265,27,197,264,644,389,514,182880000.00,113380000.00,-69500000.00
17,2017/2018,36,Southampton,450,177,36,237,322,7,118,540,37,8,25,3,0,1,37,19,2,12,56,343,23,152,379,658,361,462,55260000.00,83250000.00,27990000.00
14,2017/2018,41,Watford,440,165,31,244,306,5,123,414,44,10,26,6,0,1,44,29,1,9,64,322,27,233,332,668,372,467,62460000.00,14850000.00,-47610000.00
12,2017/2018,44,Bournemouth,465,193,26,246,326,2,134,547,45,8,30,7,3,1,42,26,0,16,61,348,36,295,343,508,327,367,30870000.00,0.00,-30870000.00
20,2017/2018,31,West Bromwich Albion,376,146,41,189,259,5,111,517,31,14,15,2,2,3,29,14,2,14,56,269,24,203,320,605,411,468,44730000.00,1580000.00,-43150000.00
16,2017/2018,37,Huddersfield,362,157,22,183,250,10,100,441,28,5,19,1,1,1,27,17,2,4,58,261,19,215,276,744,381,519,51080000.00,5270000.00,-45810000.00
18,2017/2018,33,Swansea,338,145,27,166,232,6,99,540,28,8,15,4,1,0,27,16,0,10,56,222,19,205,318,610,329,390,58140000.00,72990000.00,14850000.00
